,0
0,m2858
1,m260
2,m1196
3,m1210
4,m2028
5,m1198
6,m593
7,m2571
8,m2762
9,m589
10,m608
11,m527
12,m110
13,m1270
14,m318
15,m858
16,m480
17,m1197
18,m2396
19,m1617
20,m1580
21,m296
22,m2997
23,m1265
24,m1097
25,m356
26,m1240
27,m1
28,m2716
29,m1214
30,m457
31,m50
32,m3578
33,m541
34,m2628
35,m1193
36,m1200
37,m1221
38,m912
39,m2916
40,m1259
41,m919
42,m1213
43,m924
44,m1387
45,m1136
46,m2791
47,m1036
48,m34
49,m1291
50,m1610
51,m3114
52,m2987
53,m2355
54,m3175
55,m1704
56,m1307
57,m2000
58,m1127
59,m750
60,m780
61,m2918
62,m1304
63,m2599
64,m1968
65,m32
66,m2959
67,m377
68,m1225
69,m3471
70,m3793
71,m1394
72,m908
73,m2797
74,m2804
75,m590
76,m1784
77,m1374
78,m223
79,m1721
80,m1230
81,m3481
82,m1961
83,m1247
84,m1923
85,m2174
86,m1219
87,m2291
88,m1220
89,m1079
90,m648
91,m3418
92,m1584
93,m1089
94,m111
95,m3751
96,m1222
97,m592
98,m2706
99,m1252
100,m588
101,m150
102,m380
103,m1393
104,m3408
105,m3147
106,m1278
107,m1073
108,m1527
109,m1206
110,m1208
111,m733
112,m2324
113,m2406
114,m1358
115,m39
116,m21
117,m923
118,m3421
119,m1356
120,m2683
121,m1573
122,m2700
123,m3527
124,m904
125,m2395
126,m1090
127,m1288
128,m47
129,m1242
130,m3176
131,m3753
132,m1641
133,m920
134,m357
135,m1094
136,m913
137,m1294
138,m1234
139,m2692
140,m3671
141,m2194
142,m969
143,m1517
144,m1258
145,m1954
146,m3160
147,m1500
148,m364
149,m2640
150,m2529
151,m1233
152,m2321
153,m1673
154,m2985
155,m3361
156,m3897
157,m3623
158,m1674
159,m2268
160,m2115
161,m595
162,m1376
163,m1250
164,m2302
165,m1207
166,m2699
167,m1732
168,m1266
169,m1396
170,m2657
171,m3255
172,m3448
173,m3253
174,m1370
175,m1653
176,m2100
177,m3363
178,m1148
179,m2763
180,m1276
181,m349
182,m3256
183,m1028
184,m587
185,m11
186,m3702
187,m316
188,m2081
189,m2890
190,m1682
191,m2289
192,m2011
193,m903
194,m367
195,m1608
196,m1544
197,m597
198,m3703
199,m293
200,m2336
201,m2710
202,m3081
203,m1199
204,m2968
205,m1101
206,m2012
207,m1080
208,m3552
209,m3072
210,m474
211,m1408
212,m539
213,m551
214,m2455
215,m1282
216,m36
217,m3052
218,m2248
219,m1204
220,m1639
221,m6
222,m1676
223,m2353
224,m440
225,m1215
226,m3006
227,m2001
228,m25
229,m910
230,m1183
231,m2947
232,m2407
233,m1917
234,m1953
235,m736
236,m1997
237,m2006
238,m1909
239,m1035
240,m1625
241,m1912
242,m3108
243,m235
244,m1246
245,m1372
246,m2908
247,m3210
248,m1201
249,m3755
250,m3499
251,m17
252,m1179
253,m2617
254,m329
255,m1748
256,m2502
257,m1267
258,m3543
259,m2080
260,m2105
261,m2064
262,m2352
263,m899
264,m3555
265,m3039
266,m1777
267,m1407
268,m1747
269,m10
270,m953
271,m3948
272,m2470
273,m2746
274,m1552
275,m1391
276,m1299
277,m1375
278,m2915
279,m1060
280,m1947
281,m3510
282,m2020
283,m1377
284,m2054
285,m1285
286,m1129
287,m1231
288,m2108
289,m3526
290,m2770
291,m1262
292,m3174
293,m3362
294,m265
295,m3424
296,m2712
297,m1302
298,m246
299,m2948
300,m3699
301,m3107
302,m778
303,m745
304,m1722
305,m1077
306,m2243
307,m3033
308,m3104
309,m3101
310,m165
311,m1249
312,m594
313,m3608
314,m1244
315,m1994
316,m1380
317,m454
318,m3082
319,m1235
320,m1287
321,m3624
322,m70
323,m2058
324,m1263
325,m2871
326,m3396
327,m500
328,m2019
329,m529
330,m2671
331,m1275
332,m1333
333,m2278
334,m1663
335,m788
336,m3386
337,m1645
338,m1228
339,m1876
340,m2424
341,m2944
342,m161
343,m2872
344,m368
345,m2167
346,m1569
347,m1084
348,m1320
349,m3148
350,m2288
351,m2193
352,m1269
353,m2391
354,m2580
355,m1293
356,m3809
357,m3504
358,m1965
359,m2366
360,m3450
361,m1597
362,m1272
363,m2427
364,m1466
365,m2761
366,m2300
367,m2359
368,m1952
369,m2160
370,m2490
371,m2329
372,m2393
373,m2641
374,m3911
375,m1188
376,m1729
377,m497
378,m2144
379,m337
380,m785
381,m1092
382,m300
383,m3683
384,m2021
385,m1203
386,m914
387,m902
388,m1172
389,m968
390,m2002
391,m253
392,m2140
393,m2150
394,m2023
395,m16
396,m555
397,m800
398,m3105
399,m2723
400,m3868
401,m2003
402,m2078
403,m1960
404,m353
405,m1962
406,m1343
407,m2161
408,m2881
409,m2005
410,m2949
411,m898
412,m3763
413,m1256
414,m1371
415,m2369
416,m2694
417,m2605
418,m2076
419,m2664
420,m2542
421,m2501
422,m3435
423,m141
424,m266
425,m344
426,m1957
427,m104
428,m292
429,m2572
430,m3037
431,m3476
432,m441
433,m1292
434,m2826
435,m339
436,m3100
437,m3698
438,m1284
439,m2145
440,m708
441,m1485
442,m1921
443,m1093
444,m1253
445,m3360
446,m2686
447,m543
448,m1690
449,m1513
450,m2067
451,m2094
452,m1959
453,m3704
454,m1883
455,m1088
456,m2124
457,m1271
458,m3044
459,m2294
460,m1339
461,m1885
462,m2
463,m1296
464,m2273
465,m509
466,m2707
467,m1095
468,m1945
469,m2333
470,m2018
471,m288
472,m610
473,m866
474,m508
475,m2662
476,m3489
477,m2527
478,m471
479,m2087
480,m2528
481,m2688
482,m1022
483,m1248
484,m3005
485,m1805
486,m3095
487,m2371
488,m2013
489,m3863
490,m2109
491,m553
492,m3591
493,m3060
494,m1212
495,m1019
496,m2405
497,m3263
498,m3359
499,m586
500,m434
501,m922
502,m3247
503,m2795
504,m231
505,m1918
506,m3098
507,m1261
508,m1029
509,m2539
510,m1357
511,m2951
512,m3638
513,m2186
514,m3070
515,m2394
516,m1223
517,m3252
518,m1321
519,m3354
520,m2433
521,m153
522,m58
523,m317
524,m1345
525,m1711
526,m3298
527,m1104
528,m3301
529,m2085
530,m2917
531,m1186
532,m2724
533,m3535
534,m1956
535,m1967
536,m2863
537,m62
538,m162
539,m3740
540,m198
541,m3479
542,m3654
543,m151
544,m24
545,m852
546,m2581
547,m653
548,m3735
549,m112
550,m832
551,m3317
552,m3178
553,m3685
554,m3893
555,m1587
556,m2701
557,m838
558,m1254
559,m1834
560,m1032
561,m720
562,m1635
563,m3730
564,m1378
565,m1449
566,m442
567,m1041
568,m1958
569,m930
570,m3468
571,m342
572,m2137
573,m2096
574,m628
575,m3334
576,m1982
577,m596
578,m163
579,m2788
580,m45
581,m2973
582,m2046
583,m3246
584,m1257
585,m2423
586,m3785
587,m3697
588,m247
589,m994
590,m1042
591,m95
592,m2313
593,m1907
594,m3536
595,m3524
596,m3168
597,m3203
598,m1224
599,m661
600,m933
601,m562
602,m1678
603,m3745
604,m3020
605,m2541
606,m1479
607,m3087
608,m1185
609,m916
610,m3257
611,m3260
612,m3300
613,m345
614,m3267
615,m1274
616,m2478
617,m2133
618,m2841
619,m515
620,m1680
621,m3635
622,m1694
623,m2245
624,m3035
625,m350
626,m2134
627,m3614
628,m2912
629,m1476
630,m2966
631,m3717
632,m2739
633,m3545
634,m1831
635,m3159
636,m2065
637,m955
638,m524
639,m909
640,m2384
641,m2722
642,m1955
643,m3916
644,m926
645,m552
646,m208
647,m2728
648,m2976
649,m1586
650,m951
651,m2420
652,m1373
653,m1283
654,m348
655,m3752
656,m671
657,m2616
658,m3639
659,m3512
660,m3196
661,m2792
662,m2469
663,m1441
664,m1589
665,m2463
666,m2717
667,m3358
668,m1297
669,m3157
670,m29
671,m1037
672,m1120
673,m185
674,m3019
675,m1059
676,m3701
677,m954
678,m928
679,m2687
680,m3827
681,m2648
682,m2454
683,m3083
684,m2598
685,m2311
686,m466
687,m905
688,m180
689,m2010
690,m3264
691,m1103
692,m3273
693,m1347
694,m3551
695,m1081
696,m3507
697,m52
698,m647
699,m2734
700,m7
701,m3441
702,m196
703,m1171
704,m3534
705,m1086
706,m2125
707,m3798
708,m1911
709,m1719
710,m1566
711,m3269
712,m3706
713,m1217
714,m2919
715,m2991
716,m1124
717,m1411
718,m1047
719,m3173
720,m1385
721,m2398
722,m940
723,m3409
724,m1049
725,m3186
726,m2993
727,m3261
728,m802
729,m2926
730,m1944
731,m2989
732,m2431
733,m2009
734,m3113
735,m1301
736,m1350
737,m3811
738,m3508
739,m2857
740,m673
741,m1175
742,m2565
743,m144
744,m3952
745,m3844
746,m3836
747,m3068
748,m2116
749,m3088
750,m3219
751,m1125
752,m1537
753,m915
754,m1405
755,m2690
756,m3
757,m1779
758,m2759
759,m2413
760,m1950
761,m786
762,m333
763,m1245
764,m3000
765,m3438
766,m272
767,m1078
768,m2428
769,m1792
770,m2139
771,m3201
772,m2403
773,m1914
774,m1344
775,m2409
776,m306
777,m3016
778,m1277
779,m232
780,m1298
781,m2533
782,m3152
783,m3513
784,m1238
785,m1614
786,m3062
787,m3668
788,m494
789,m2622
790,m435
791,m2141
792,m3505
793,m3067
794,m3451
795,m1894
796,m3617
797,m1096
798,m1300
799,m1562
800,m3744
801,m431
802,m3274
803,m2126
804,m3259
805,m3185
806,m1717
807,m3265
808,m164
809,m1892
810,m372
811,m410
812,m2118
813,m3686
814,m3397
815,m2600
816,m3791
817,m2301
818,m3869
819,m2735
820,m1061
821,m1260
822,m3198
823,m900
824,m1620
825,m1754
826,m748
827,m2015
828,m224
829,m1693
830,m173
831,m678
832,m1135
833,m1243
834,m3461
835,m3462
836,m2819
837,m2805
838,m2414
839,m741
840,m3034
841,m724
842,m849
843,m1303
844,m911
845,m2421
846,m1459
847,m2303
848,m531
849,m3681
850,m1020
851,m2312
852,m22
853,m160
854,m1237
855,m2467
856,m3271
857,m379
858,m783
859,m1810
860,m1590
861,m485
862,m2485
863,m105
864,m3949
865,m1644
866,m2318
867,m3254
868,m2779
869,m2672
870,m492
871,m3927
872,m3250
873,m1591
874,m2231
875,m303
876,m3618
877,m1619
878,m1916
879,m950
880,m2378
881,m805
882,m2990
883,m3071
884,m2921
885,m2335
886,m942
887,m1616
888,m514
889,m3633
890,m2088
891,m125
892,m2390
893,m475
894,m585
895,m2840
896,m517
897,m2702
898,m2971
899,m2496
900,m1518
901,m2132
902,m2375
903,m3684
904,m2112
905,m3328
906,m2334
907,m230
908,m538
909,m1835
910,m252
911,m2718
912,m2110
913,m1409
914,m1147
915,m3494
916,m3398
917,m2642
918,m370
919,m145
920,m3556
921,m3244
922,m1801
923,m3307
924,m3429
925,m2474
926,m532
927,m3007
928,m3498
929,m172
930,m1100
931,m3712
932,m2747
933,m921
934,m2401
935,m2986
936,m3770
937,m2138
938,m3871
939,m222
940,m69
941,m2130
942,m674
943,m2143
944,m1882
945,m1594
946,m1888
947,m1280
948,m314
949,m2410
950,m3629
951,m1964
952,m535
953,m60
954,m3469
955,m1672
956,m468
957,m1189
958,m3285
959,m48
960,m3155
961,m376
962,m2719
963,m2402
964,m2803
965,m799
966,m3525
967,m216
968,m1845
969,m2247
970,m2253
971,m3163
972,m2794
973,m1927
974,m3467
975,m2942
976,m2340
977,m2861
978,m2416
979,m1012
980,m3156
981,m934
982,m2282
983,m1031
984,m3615
985,m3733
986,m1367
987,m1268
988,m2297
989,m3089
990,m2946
991,m534
992,m971
993,m520
994,m2146
995,m3189
996,m1027
997,m2471
998,m507
999,m2348
1000,m599
1001,m236
1002,m493
1003,m2530
1004,m1379
1005,m168
1006,m3061
1007,m3129
1008,m3249
1009,m1688
1010,m319
1011,m2376
1012,m3760
1013,m1334
1014,m1025
1015,m2901
1016,m2750
1017,m2713
1018,m784
1019,m3548
1020,m2867
1021,m412
1022,m3384
1023,m3576
1024,m3040
1025,m1327
1026,m2082
1027,m1264
1028,m1091
1029,m945
1030,m3452
1031,m261
1032,m446
1033,m1687
1034,m3675
1035,m2468
1036,m2117
1037,m428
1038,m2070
1039,m965
1040,m3053
1041,m2262
1042,m1178
1043,m3826
1044,m3873
1045,m1643
1046,m3566
1047,m1218
1048,m1920
1049,m1286
1050,m2518
1051,m1354
1052,m1963
1053,m2532
1054,m1603
1055,m3812
1056,m3528
1057,m2859
1058,m2941
1059,m432
1060,m170
1061,m3366
1062,m2764
1063,m2111
1064,m2476
1065,m3723
1066,m1769
1067,m3365
1068,m2363
1069,m1884
1070,m307
1071,m1211
1072,m2203
1073,m373
1074,m481
1075,m1030
1076,m2346
1077,m2411
1078,m1895
1079,m1017
1080,m1033
1081,m3819
1082,m3549
1083,m2889
1084,m2883
1085,m3741
1086,m1429
1087,m3705
1088,m1395
1089,m249
1090,m101
1091,m1057
1092,m1873
1093,m1633
1094,m1939
1095,m1701
1096,m952
1097,m2567
1098,m19
1099,m1974
1100,m2287
1101,m861
1102,m1388
1103,m41
1104,m3501
1105,m1348
1106,m1295
1107,m2875
1108,m3030
1109,m3783
1110,m2802
1111,m2083
1112,m2114
1113,m2808
1114,m3308
1115,m999
1116,m3788
1117,m1132
1118,m1251
1119,m327
1120,m2004
1121,m3649
1122,m1131
1123,m2677
1124,m3251
1125,m3258
1126,m3153
1127,m616
1128,m1227
1129,m3742
1130,m3688
1131,m1009
1132,m1949
1133,m2357
1134,m1013
1135,m1416
1136,m361
1137,m1226
1138,m2644
1139,m2450
1140,m1931
1141,m3565
1142,m1438
1143,m2922
1144,m2513
1145,m663
1146,m3022
1147,m2022
1148,m2745
1149,m1588
1150,m5
1151,m3102
1152,m3169
1153,m3478
1154,m2155
1155,m3099
1156,m2531
1157,m3700
1158,m2072
1159,m420
1160,m383
1161,m1023
1162,m3814
1163,m2670
1164,m2059
1165,m1499
1166,m2457
1167,m1281
1168,m830
1169,m2613
1170,m3932
1171,m3145
1172,m1480
1173,m3917
1174,m44
1175,m2090
1176,m2693
1177,m3018
1178,m2053
1179,m3342
1180,m351
1181,m3355
1182,m3516
1183,m73
1184,m949
1185,m2367
1186,m3146
1187,m2322
1188,m281
1189,m1422
1190,m233
1191,m707
1192,m2583
1193,m1340
1194,m3347
1195,m1542
1196,m3841
1197,m3801
1198,m1735
1199,m3074
1200,m2202
1201,m986
1202,m2517
1203,m2240
1204,m2676
1205,m2208
1206,m3097
1207,m3546
1208,m426
1209,m3197
1210,m1457
1211,m1290
1212,m3213
1213,m3477
1214,m3484
1215,m1488
1216,m1615
1217,m448
1218,m1683
1219,m1392
1220,m2034
1221,m728
1222,m2953
1223,m1946
1224,m2447
1225,m3388
1226,m2731
1227,m2720
1228,m2232
1229,m2950
1230,m225
1231,m107
1232,m931
1233,m362
1234,m176
1235,m2524
1236,m2822
1237,m2827
1238,m308
1239,m86
1240,m194
1241,m3316
1242,m382
1243,m2459
1244,m2099
1245,m3708
1246,m1689
1247,m3032
1248,m1833
1249,m1010
1250,m1611
1251,m2961
1252,m3111
1253,m2995
1254,m2093
1255,m1951
1256,m1015
1257,m1205
1258,m2505
1259,m2729
1260,m3466
1261,m322
1262,m3682
1263,m1099
1264,m2736
1265,m947
1266,m158
1267,m1702
1268,m3296
1269,m3135
1270,m1734
1271,m1627
1272,m3852
1273,m3093
1274,m3179
1275,m906
1276,m3882
1277,m1446
1278,m175
1279,m2089
1280,m1948
1281,m3910
1282,m237
1283,m2249
1284,m2159
1285,m2135
1286,m1342
1287,m3729
1288,m837
1289,m280
1290,m3404
1291,m1130
1292,m1126
1293,m605
1294,m450
1295,m3861
1296,m2929
1297,m932
1298,m3204
1299,m2772
1300,m1541
1301,m996
1302,m2176
1303,m2097
1304,m2025
1305,m3420
1306,m455
1307,m2709
1308,m1194
1309,m3802
1310,m3430
1311,m2553
1312,m2866
1313,m3243
1314,m3090
1315,m3707
1316,m2793
1317,m1066
1318,m3521
1319,m3208
1320,m2236
1321,m1649
1322,m3194
1323,m1279
1324,m1799
1325,m3930
1326,m28
1327,m3724
1328,m417
1329,m1289
1330,m2171
1331,m1966
1332,m3066
1333,m918
1334,m3134
1335,m3444
1336,m2188
1337,m3341
1338,m2439
1339,m2374
1340,m3422
1341,m880
1342,m516
1343,m2120
1344,m3928
1345,m2796
1346,m1970
1347,m366
1348,m273
1349,m2372
1350,m2404
1351,m2316
1352,m2183
1353,m89
1354,m3125
1355,m491
1356,m1713
1357,m2815
1358,m3634
1359,m2389
1360,m2136
1361,m2952
1362,m1209
1363,m804
1364,m2870
1365,m282
1366,m2668
1367,m3831
1368,m1007
1369,m3676
1370,m2344
1371,m381
1372,m3426
1373,m1556
1374,m423
1375,m207
1376,m719
1377,m1021
1378,m943
1379,m94
1380,m1727
1381,m938
1382,m477
1383,m371
1384,m1648
1385,m1821
1386,m2071
1387,m1361
1388,m2206
1389,m879
1390,m1797
1391,m2121
1392,m2102
1393,m3606
1394,m262
1395,m3519
1396,m1173
1397,m3200
1398,m85
1399,m2936
1400,m290
1401,m3270
1402,m2456
1403,m546
1404,m1924
1405,m1730
1406,m2408
1407,m3821
1408,m3789
1409,m762
1410,m2338
1411,m3764
1412,m1991
1413,m2891
1414,m3538
1415,m2558
1416,m1783
1417,m3769
1418,m147
1419,m2550
1420,m1191
1421,m1913
1422,m1660
1423,m338
1424,m537
1425,m1969
1426,m2877
1427,m1753
1428,m901
1429,m42
1430,m2033
1431,m836
1432,m355
1433,m2643
1434,m154
1435,m3004
1436,m3029
1437,m2551
1438,m482
1439,m1762
1440,m1150
1441,m203
1442,m946
1443,m413
1444,m3598
1445,m2123
1446,m1034
1447,m490
1448,m2279
1449,m276
1450,m2852
1451,m3515
1452,m2442
1453,m188
1454,m2106
1455,m1785
1456,m218
1457,m215
1458,m737
1459,m2935
1460,m2422
1461,m3181
1462,m3926
1463,m2943
1464,m1064
1465,m3091
1466,m1414
1467,m3167
1468,m2349
1469,m574
1470,m2387
1471,m3594
1472,m464
1473,m549
1474,m2730
1475,m991
1476,m3786
1477,m714
1478,m2399
1479,m1381
1480,m2269
1481,m3896
1482,m3364
1483,m204
1484,m1431
1485,m3412
1486,m2732
1487,m2147
1488,m3929
1489,m892
1490,m1177
1491,m3728
1492,m1866
1493,m186
1494,m2906
1495,m2320
1496,m1353
1497,m1273
1498,m1083
1499,m256
1500,m2331
1501,m2412
1502,m2153
1503,m2038
1504,m2633
1505,m2014
1506,m2453
1507,m43
1508,m581
1509,m2611
1510,m2122
1511,m1082
1512,m3238
1513,m2142
1514,m2615
1515,m1401
1516,m2879
1517,m3350
1518,m3078
1519,m3653
1520,m88
1521,m2575
1522,m2606
1523,m3079
1524,m2520
1525,m3266
1526,m407
1527,m3036
1528,m3506
1529,m1858
1530,m3480
1531,m3394
1532,m2252
1533,m2266
1534,m1772
1535,m2846
1536,m1050
1537,m556
1538,m1875
1539,m3405
1540,m2612
1541,m1461
1542,m3747
1543,m3825
1544,m533
1545,m1346
1546,m1425
1547,m798
1548,m3593
1549,m542
1550,m1359
1551,m3550
1552,m3727
1553,m3272
1554,m2752
1555,m2060
1556,m1752
1557,m2259
1558,m2506
1559,m1699
1560,m2263
1561,m2726
1562,m14
1563,m1971
1564,m1840
1565,m277
1566,m2377
1567,m1419
1568,m1848
1569,m3011
1570,m2077
1571,m936
1572,m3529
1573,m1187
1574,m1665
1575,m1983
1576,m550
1577,m2836
1578,m2379
1579,m122
1580,m2163
1581,m848
1582,m2261
1583,m2107
1584,m611
1585,m3784
1586,m3439
1587,m2560
1588,m3475
1589,m2574
1590,m2091
1591,m2069
1592,m2184
1593,m289
1594,m504
1595,m2660
1596,m81
1597,m2052
1598,m3324
1599,m2806
1600,m18
1601,m299
1602,m3028
1603,m2639
1604,m2504
1605,m2907
1606,m2924
1607,m1794
1608,m2043
1609,m2757
1610,m46
1611,m3326
1612,m3754
1613,m512
1614,m3248
1615,m3771
1616,m2361
1617,m157
1618,m2429
1619,m2310
1620,m2042
1621,m1176
1622,m76
1623,m2166
1624,m3483
1625,m2654
1626,m2360
1627,m2596
1628,m1016
1629,m2370
1630,m213
1631,m1487
1632,m2068
1633,m3834
1634,m2546
1635,m1128
1636,m1085
1637,m2789
1638,m3503
1639,m2771
1640,m2328
1641,m3693
1642,m3182
1643,m2024
1644,m2212
1645,m1306
1646,m948
1647,m1464
1648,m1806
1649,m3015
1650,m3766
1651,m688
1652,m3262
1653,m2017
1654,m818
1655,m239
1656,m3835
1657,m3773
1658,m2497
1659,m700
1660,m3500
1661,m1942
1662,m1554
1663,m2148
1664,m3925
1665,m1938
1666,m2967
1667,m3865
1668,m3051
1669,m2540
1670,m3327
1671,m511
1672,m3387
1673,m2787
1674,m2373
1675,m1973
1676,m3918
1677,m2932
1678,m2351
1679,m195
1680,m1897
1681,m2473
1682,m1593
1683,m4
1684,m2829
1685,m1190
1686,m3672
1687,m1014
1688,m1515
1689,m2475
1690,m1305
1691,m1484
1692,m2392
1693,m2432
1694,m2048
1695,m2996
1696,m2443
1697,m2568
1698,m3604
1699,m765
1700,m3660
1701,m2430
1702,m328
1703,m358
1704,m1836
1705,m3915
1706,m199
1707,m2937
1708,m429
1709,m123
1710,m193
1711,m851
1712,m3445
1713,m2448
1714,m415
1715,m2956
1716,m1995
1717,m3646
1718,m2066
1719,m742
1720,m140
1721,m3142
1722,m334
1723,m1465
1724,m31
1725,m2436
1726,m709
1727,m3177
1728,m627
1729,m3846
1730,m2026
1731,m2900
1732,m3206
1733,m2554
1734,m1069
1735,m891
1736,m405
1737,m1935
1738,m1941
1739,m2280
1740,m3571
1741,m695
1742,m2940
1743,m523
1744,m2162
1745,m1192
1746,m346
1747,m3457
1748,m2181
1749,m2920
1750,m3710
1751,m3936
1752,m2860
1753,m2624
1754,m2899
1755,m1975
1756,m907
1757,m3554
1758,m1498
1759,m332
1760,m1024
1761,m1827
1762,m330
1763,m2151
1764,m2195
1765,m3330
1766,m1862
1767,m20
1768,m315
1769,m378
1770,m459
1771,m3299
1772,m2337
1773,m2927
1774,m1362
1775,m248
1776,m3879
1777,m2669
1778,m1018
1779,m1972
1780,m438
1781,m2380
1782,m506
1783,m3470
1784,m2561
1785,m2092
1786,m3794
1787,m2902
1788,m3937
1789,m2290
1790,m2492
1791,m2629
1792,m1976
1793,m3406
1794,m978
1795,m521
1796,m1904
1797,m2988
1798,m427
1799,m519
1800,m2173
1801,m2354
1802,m3120
1803,m100
1804,m3872
1805,m842
1806,m2549
1807,m2154
1808,m941
1809,m1389
1810,m3094
1811,m1483
1812,m3357
1813,m2970
1814,m374
1815,m1390
1816,m2272
1817,m2041
1818,m3864
1819,m1111
1820,m2330
1821,m267
1822,m662
1823,m159
1824,m1726
1825,m177
1826,m425
1827,m3024
1828,m3063
1829,m12
1830,m229
1831,m1236
1832,m2040
1833,m2365
1834,m2385
1835,m3379
1836,m801
1837,m540
1838,m1162
1839,m691
1840,m190
1841,m2782
1842,m135
1843,m436
1844,m3599
1845,m2325
1846,m694
1847,m352
1848,m3325
1849,m3077
1850,m456
1851,m3627
1852,m479
1853,m1161
1854,m782
1855,m1468
1856,m257
1857,m1011
1858,m3877
1859,m3096
1860,m2165
1861,m1919
1862,m944
1863,m1977
1864,m897
1865,m1658
1866,m2570
1867,m1046
1868,m518
1869,m1758
1870,m558
1871,m3045
1872,m2239
1873,m1804
1874,m3440
1875,m3385
1876,m1453
1877,m1788
1878,m23
1879,m15
1880,m1535
1881,m2241
1882,m766
1883,m547
1884,m3584
1885,m3436
1886,m74
1887,m2682
1888,m1760
1889,m2969
1890,m2725
1891,m1003
1892,m637
1893,m2347
1894,m1940
1895,m3613
1896,m1382
1897,m388
1898,m26
1899,m2495
1900,m3287
1901,m929
1902,m2182
1903,m3726
1904,m1824
1905,m548
1906,m258
1907,m1999
1908,m1330
1909,m2315
1910,m2178
1911,m3115
1912,m2169
1913,m465
1914,m781
1915,m3643
1916,m3807
1917,m3190
1918,m1184
1919,m82
1920,m227
1921,m3628
1922,m3076
1923,m1366
1924,m3725
1925,m1686
1926,m2296
1927,m761
1928,m419
1929,m2525
1930,m3600
1931,m544
1932,m2645
1933,m1474
1934,m187
1935,m2204
1936,m3616
1937,m735
1938,m501
1939,m1445
1940,m2535
1941,m2418
1942,m3678
1943,m72
1944,m57
1945,m1005
1946,m2975
1947,m1503
1948,m2095
1949,m3557
1950,m473
1951,m2364
1952,m1051
1953,m927
1954,m2119
1955,m451
1956,m3275
1957,m1399
1958,m1363
1959,m2381
1960,m171
1961,m2888
1962,m3758
1963,m2882
1964,m1629
1965,m2488
1966,m3225
1967,m302
1968,m234
1969,m2314
1970,m3889
1971,m2851
1972,m2983
1973,m3214
1974,m1008
1975,m13
1976,m3622
1977,m2458
1978,m835
1979,m973
1980,m2801
1981,m2721
1982,m3268
1983,m3720
1984,m3713
1985,m1936
1986,m3859
1987,m1929
1988,m2905
1989,m1216
1990,m305
1991,m360
1992,m2511
1993,m63
1994,m421
1995,m2027
1996,m2661
1997,m2491
1998,m1863
1999,m2170
2000,m1667
2001,m3224
2002,m1985
2003,m3038
2004,m2519
2005,m2437
2006,m2526
2007,m650
2008,m3502
2009,m1934
2010,m2500
2011,m2798
2012,m205
2013,m1043
2014,m886
2015,m3217
2016,m2435
2017,m2057
2018,m3392
2019,m2075
2020,m575
2021,m2587
2022,m2634
2023,m1598
2024,m206
2025,m829
2026,m3619
2027,m502
2028,m839
2029,m2696
2030,m2451
2031,m1816
2032,m982
2033,m613
2034,m155
2035,m1332
2036,m3046
2037,m79
2038,m1545
2039,m522
2040,m2238
2041,m65
2042,m3370
2043,m3943
2044,m2978
2045,m3497
2046,m569
2047,m3547
2048,m1681
2049,m2084
2050,m3086
2051,m259
2052,m2016
2053,m1707
2054,m3689
2055,m1654
2056,m2498
2057,m117
2058,m1670
2059,m3230
2060,m3840
2061,m2327
2062,m458
2063,m917
2064,m2714
2065,m1623
2066,m2609
2067,m3544
2068,m461
2069,m2295
2070,m2748
2071,m1661
2072,m3901
2073,m1992
2074,m3130
2075,m2749
2076,m242
2077,m387
2078,m1841
2079,m998
2080,m2898
2081,m2555
2082,m1592
2083,m2029
2084,m1621
2085,m635
2086,m2356
2087,m2607
2088,m3055
2089,m1432
2090,m2472
2091,m483
2092,m2816
2093,m3075
2094,m743
2095,m340
2096,m2738
2097,m312
2098,m2460
2099,m3813
2100,m1167
2101,m3399
2102,m9
2103,m615
2104,m3286
2105,m30
2106,m3709
2107,m809
2108,m1986
2109,m1004
2110,m3054
2111,m1352
2112,m1054
2113,m3923
2114,m3447
2115,m2177
2116,m3738
2117,m3746
2118,m326
2119,m3679
2120,m2382
2121,m363
2122,m2050
2123,m2844
2124,m3822
2125,m3017
2126,m3509
2127,m3417
2128,m2972
2129,m445
2130,m2780
2131,m3425
2132,m449
2133,m2276
2134,m3810
2135,m1202
2136,m1647
2137,m1454
2138,m1855
2139,m1410
2140,m2051
2141,m2651
2142,m935
2143,m3837
2144,m2928
2145,m3456
2146,m3792
2147,m1475
2148,m1733
2149,m893
2150,m1606
2151,m2828
2152,m725
2153,m1900
2154,m1870
2155,m3487
2156,m1460
2157,m3658
2158,m2621
2159,m2856
2160,m2271
2161,m3824
2162,m3690
2163,m2880
2164,m1646
2165,m2769
2166,m3427
2167,m670
2168,m2383
2169,m3920
2170,m2594
2171,m1979
2172,m3590
2173,m2168
2174,m2665
2175,m3787
2176,m2073
2177,m764
2178,m759
2179,m2925
2180,m1006
2181,m3117
2182,m1600
2183,m3199
2184,m270
2185,m489
2186,m2774
2187,m2275
2188,m2098
2189,m1404
2190,m414
2191,m408
2192,m2514
2193,m3401
2194,m1978
2195,m3823
2196,m3112
2197,m2874
2198,m3310
2199,m1241
2200,m156
2201,m1937
2202,m1605
2203,m2548
2204,m3118
2205,m988
2206,m3914
2207,m35
2208,m2149
2209,m3211
2210,m3564
2211,m2862
2212,m3368
2213,m1397
2214,m321
2215,m1337
2216,m1355
2217,m169
2218,m3431
2219,m132
2220,m3553
2221,m1642
2222,m3946
2223,m365
2224,m3795
2225,m692
2226,m1440
2227,m2062
2228,m2306
2229,m1365
2230,m3453
2231,m2419
2232,m2521
2233,m3150
2234,m1856
2235,m1442
2236,m1984
2237,m3895
2238,m3391
2239,m3858
2240,m2267
2241,m2434
2242,m2417
2243,m3767
2244,m3375
2245,m959
2246,m1526
2247,m697
2248,m3423
2249,m1684
2250,m416
2251,m2649
2252,m453
2253,m3715
2254,m680
2255,m2264
2256,m3235
2257,m2036
2258,m1640
2259,m354
2260,m1987
2261,m3732
2262,m3138
2263,m803
2264,m2285
2265,m1482
2266,m2425
2267,m3069
2268,m513
2269,m3241
2270,m118
2271,m390
2272,m3103
2273,m68
2274,m3714
2275,m2445
2276,m152
2277,m606
2278,m668
2279,m3109
2280,m92
2281,m2255
2282,m1744
2283,m2885
2284,m8
2285,m1996
2286,m2582
2287,m2817
2288,m1601
2289,m469
2290,m1626
2291,m639
2292,m1759
2293,m275
2294,m2625
2295,m881
2296,m3718
2297,m2784
2298,m71
2299,m2903
2300,m3908
2301,m580
2302,m3416
2303,m1398
2304,m61
2305,m1998
2306,m1943
2307,m976
2308,m3304
2309,m2210
2310,m3737
2311,m2781
2312,m3743
2313,m3188
2314,m3340
2315,m3734
2316,m93
2317,m3372
2318,m80
2319,m2753
2320,m3950
2321,m271
2322,m3281
2323,m126
2324,m3514
2325,m3289
2326,m1980
2327,m424
2328,m393
2329,m2250
2330,m3491
2331,m269
2332,m3919
2333,m3662
2334,m2180
2335,m963
2336,m1550
2337,m369
2338,m1865
2339,m1180
2340,m2037
2341,m3947
2342,m565
2343,m3008
2344,m3496
2345,m640
2346,m612
2347,m1516
2348,m1582
2349,m2045
2350,m1889
2351,m806
2352,m3655
2353,m1232
2354,m3141
2355,m3806
2356,m1881
2357,m3870
2358,m2820
2359,m715
2360,m3013
2361,m1546
2362,m174
2363,m1655
2364,m444
2365,m609
2366,m2522
2367,m2585
2368,m3680
2369,m3909
2370,m191
2371,m2741
2372,m1255
2373,m2499
2374,m1993
2375,m1612
2376,m1703
2377,m1981
2378,m268
2379,m3903
2380,m2939
2381,m3661
2382,m3127
2383,m2708
2384,m486
2385,m64
2386,m2618
2387,m2697
2388,m1604
2389,m27
2390,m2283
2391,m1571
2392,m422
2393,m149
2394,m3371
2395,m1922
2396,m2035
2397,m3808
2398,m3302
2399,m309
2400,m1056
2401,m2104
2402,m810
2403,m3128
2404,m1631
2405,m1925
2406,m2589
2407,m896
2408,m3677
2409,m3768
2410,m2007
2411,m3849
2412,m603
2413,m536
2414,m3428
2415,m2786
2416,m99
2417,m964
2418,m467
2419,m1837
2420,m2656
2421,m505
2422,m3459
2423,m3790
2424,m279
2425,m528
2426,m3511
2427,m2113
2428,m833
2429,m3579
2430,m1428
2431,m3669
2432,m1413
2433,m602
2434,m87
2435,m3284
2436,m217
2437,m1581
2438,m116
2439,m3048
2440,m1650
2441,m2597
2442,m3318
2443,m1860
2444,m2647
2445,m3696
2446,m2265
2447,m97
2448,m1447
2449,m937
2450,m2573
2451,m3414
2452,m78
2453,m2663
2454,m3183
2455,m2284
2456,m3432
2457,m577
2458,m3799
2459,m2790
2460,m2848
2461,m487
2462,m66
2463,m3339
2464,m2507
2465,m2810
2466,m3158
2467,m3144
2468,m3165
2469,m2446
2470,m2807
2471,m3857
2472,m3588
2473,m882
2474,m3577
2475,m2610
2476,m1331
2477,m3739
2478,m3716
2479,m113
2480,m3605
2481,m3851
2482,m3320
2483,m2440
2484,m2237
2485,m1791
2486,m828
2487,m1839
2488,m3951
2489,m621
2490,m3395
2491,m631
2492,m1472
2493,m3133
2494,m313
2495,m711
2496,m2681
2497,m3518
2498,m3180
2499,m1910
2500,m182
2501,m2799
2502,m1310
2503,m1812
2504,m3596
2505,m2667
2506,m2751
2507,m1746
2508,m2362
2509,m1456
2510,m1341
2511,m1609
2512,m1523
2513,m3064
2514,m1113
2515,m121
2516,m3620
2517,m3539
2518,m181
2519,m166
2520,m2652
2521,m1887
2522,m875
2523,m2812
2524,m2190
2525,m409
2526,m3736
2527,m808
2528,m2659
2529,m347
2530,m2590
2531,m1896
2532,m2965
2533,m3602
2534,m3731
2535,m2152
2536,m1854
2537,m2868
2538,m3367
2539,m2345
2540,m2842
2541,m1563
2542,m3632
2543,m2630
2544,m2341
2545,m3855
2546,m3816
2547,m3014
2548,m335
2549,m846
2550,m956
2551,m2835
2552,m301
2553,m495
2554,m3833
2555,m779
2556,m2744
2557,m1507
2558,m2689
2559,m990
2560,m2323
2561,m3132
2562,m1750
2563,m705
2564,m55
2565,m1564
2566,m3002
2567,m1809
2568,m2260
2569,m3719
2570,m1624
2571,m255
2572,m499
2573,m568
2574,m731
2575,m433
2576,m1169
2577,m3446
2578,m3572
2579,m3692
2580,m2620
2581,m2044
2582,m488
2583,m2977
2584,m391
2585,m437
2586,m324
2587,m3765
2588,m2593
2589,m869
2590,m1756
2591,m2461
2592,m294
2593,m498
2594,m463
2595,m1068
2596,m2847
2597,m210
2598,m1669
2599,m209
2600,m665
2601,m840
2602,m77
2603,m1415
2604,m1317
2605,m3780
2606,m2481
2607,m2704
2608,m3010
2609,m970
2610,m3774
2611,m3222
2612,m2626
2613,m3311
2614,m452
2615,m3041
2616,m746
2617,m3569
2618,m3839
2619,m3921
2620,m1771
2621,m2400
2622,m2974
2623,m3898
2624,m2179
2625,m1336
2626,m1123
2627,m2049
2628,m1547
2629,m3659
2630,m2733
2631,m83
2632,m571
2633,m3143
2634,m240
2635,m3674
2636,m3276
2637,m3626
2638,m2893
2639,m211
2640,m3338
2641,m957
2642,m3049
2643,m1731
2644,m1112
2645,m325
2646,m3886
2647,m3782
2648,m710
2649,m214
2650,m341
2651,m1417
2652,m3567
2653,m496
2654,m472
2655,m2055
2656,m1351
2657,m1508
2658,m1869
2659,m40
2660,m1932
2661,m813
2662,m1695
2663,m1326
2664,m254
2665,m2032
2666,m1427
2667,m2493
2668,m760
2669,m2386
2670,m2653
2671,m2938
2672,m987
2673,m3454
2674,m2205
2675,m2766
2676,m384
2677,m3694
2678,m718
2679,m1044
2680,m3759
2681,m3031
2682,m2103
2683,m2711
2684,m2876
2685,m3124
2686,m1473
2687,m3537
2688,m1859
2689,m1595
2690,m862
2691,m2031
2692,m3110
2693,m2646
2694,m1844
2695,m2131
2696,m1596
2697,m2727
2698,m885
2699,m1829
2700,m850
2701,m278
2702,m824
2703,m747
2704,m2579
2705,m304
2706,m3838
2707,m1599
2708,m3559
2709,m3612
2710,m1119
2711,m3393
2712,m320
2713,m102
2714,m3804
2715,m3691
2716,m1798
2717,m1439
2718,m2884
2719,m2286
2720,m1151
2721,m2494
2722,m263
2723,m3240
2724,m3663
2725,m1988
2726,m870
2727,m3073
2728,m3711
2729,m291
2730,m2813
2731,m1755
2732,m179
2733,m888
2734,m103
2735,m443
2736,m54
2737,m3389
2738,m583
2739,m3021
2740,m3329
2741,m722
2742,m1906
2743,m3433
2744,m1463
2745,m2086
2746,m2756
2747,m2638
2748,m1677
2749,m3218
2750,m1926
2751,m564
2752,m1053
2753,m1551
2754,m343
2755,m3922
2756,m753
2757,m510
2758,m49
2759,m3906
2760,m3042
2761,m1152
2762,m3597
2763,m183
2764,m3449
2765,m656
2766,m2479
2767,m1497
2768,m1696
2769,m2482
2770,m1529
2771,m2307
2772,m2462
2773,m702
2774,m1668
2775,m3221
2776,m3223
2777,m685
2778,m3192
2779,m2368
2780,m3122
2781,m1928
2782,m3171
2783,m1572
2784,m2566
2785,m704
2786,m2523
2787,m2477
2788,m3695
2789,m241
2790,m1329
2791,m669
2792,m667
2793,m3845
2794,m1489
2795,m3884
2796,m3306
2797,m3586
2798,m3343
2799,m3805
2800,m997
2801,m2635
2802,m1312
2803,m476
2804,m2818
2805,m1477
2806,m2515
2807,m659
2808,m3913
2809,m1902
2810,m2896
2811,m2187
2812,m1533
2813,m3912
2814,m2577
2815,m1867
2816,m1525
2817,m3900
2818,m1076
2819,m1602
2820,m3664
2821,m1874
2822,m2650
2823,m298
2824,m1585
2825,m600
2826,m238
2827,m3587
2828,m2666
2829,m3442
2830,m3403
2831,m2843
2832,m1880
2833,m3580
2834,m1114
2835,m3415
2836,m1825
2837,m3239
2838,m984
2839,m2637
2840,m3309
2841,m2758
2842,m297
2843,m1067
2844,m3319
2845,m201
2846,m1613
2847,m184
2848,m2305
2849,m3610
2850,m460
2851,m1725
2852,m1511
2853,m1879
2854,m3434
2855,m2614
2856,m2465
2857,m3568
2858,m3349
2859,m841
2860,m3934
2861,m1814
2862,m3756
2863,m2894
2864,m2849
2865,m619
2866,m3761
2867,m2755
2868,m2655
2869,m2128
2870,m2516
2871,m1406
2872,m2552
2873,m3520
2874,m3473
2875,m3531
2876,m1063
2877,m3331
2878,m2293
2879,m3106
2880,m2743
2881,m2853
2882,m3885
2883,m2979
2884,m295
2885,m961
2886,m3776
2887,m2982
2888,m3092
2889,m2426
2890,m3562
2891,m3637
2892,m2441
2893,m38
2894,m3532
2895,m3843
2896,m2339
2897,m1496
2898,m877
2899,m2864
2900,m1893
2901,m1767
2902,m2189
2903,m2678
2904,m386
2905,m1412
2906,m250
2907,m3402
2908,m767
2909,m1509
2910,m831
2911,m484
2912,m447
2913,m3540
2914,m2992
2915,m2767
2916,m2878
2917,m3670
2918,m1570
2919,m2785
2920,m2397
2921,m3924
2922,m2945
2923,m1105
2924,m3902
2925,m2512
2926,m716
2927,m3781
2928,m1583
2929,m202
2930,m967
2931,m2074
2932,m1857
2933,m389
2934,m573
2935,m570
2936,m2586
2937,m462
2938,m2778
2939,m2886
2940,m3847
2941,m2227
2942,m418
2943,m2483
2944,m3854
2945,m3400
2946,m1728
2947,m3585
2948,m3874
2949,m633
2950,m3673
2951,m3830
2952,m3345
2953,m645
2954,m1933
2955,m2837
2956,m2559
2957,m2674
2958,m2536
2959,m1657
2960,m1671
2961,m219
2962,m2047
2963,m392
2964,m960
2965,m2175
2966,m3043
2967,m3935
2968,m3832
2969,m3749
2970,m771
2971,m554
2972,m1458
2973,m2201
2974,m649
2975,m2737
2976,m525
2977,m3894
2978,m2211
2979,m2800
2980,m3667
2981,m3820
2982,m1421
2983,m1770
2984,m178
2985,m2196
2986,m470
2987,m394
2988,m3161
2989,m2537
2990,m331
2991,m2897
2992,m1437
2993,m84
2994,m1846
2995,m2157
2996,m3645
2997,m3775
2998,m3945
2999,m2904
3000,m1739
3001,m2834
3002,m3797
3003,m148
3004,m3047
3005,m3121
3006,m2963
3007,m3880
3008,m2056
3009,m1087
3010,m3862
3011,m1826
3012,m3848
3013,m617
3014,m3721
3015,m638
3016,m359
3017,m1455
3018,m3137
3019,m2185
3020,m3625
3021,m2865
3022,m287
3023,m1000
3024,m1423
3025,m1144
3026,m876
3027,m974
3028,m1323
3029,m681
3030,m2691
3031,m251
3032,m478
3033,m2873
3034,m430
3035,m1807
3036,m1116
3037,m1426
3038,m2923
3039,m1495
3040,m274
3041,m2256
3042,m3644
3043,m1493
3044,m2913
3045,m1163
3046,m1504
3047,m375
3048,m2981
3049,m3333
3050,m1154
3051,m3931
3052,m563
3053,m1322
3054,m2824
3055,m3390
3056,m3139
3057,m283
3058,m867
3059,m1450
3060,m751
3061,m2101
3062,m1662
3063,m2350
3064,m128
3065,m2158
3066,m197
3067,m3938
3068,m1055
3069,m2388
3070,m3283
3071,m992
3072,m3344
3073,m1666
3074,m146
3075,m3162
3076,m632
3077,m1692
3078,m1117
3079,m3860
3080,m3817
3081,m189
3082,m1565
3083,m96
3084,m336
3085,m1549
3086,m3939
3087,m2809
3088,m1898
3089,m220
3090,m3474
3091,m2079
3092,m2509
3093,m2544
3094,m2292
3095,m3492
3096,m3942
3097,m2257
3098,m567
3099,m3465
3100,m3050
3101,m131
3102,m1651
3103,m2776
3104,m2449
3105,m3464
3106,m1632
3107,m3351
3108,m2715
3109,m1811
3110,m1153
3111,m3757
3112,m503
3113,m2627
3114,m1501
3115,m1494
3116,m561
3117,m1679
3118,m1490
3119,m3611
3120,m2998
3121,m3853
3122,m2197
3123,m3025
3124,m2775
3125,m1328
3126,m3313
3127,m3941
3128,m3495
3129,m1656
3130,m124
3131,m3665
3132,m3490
3133,m2466
3134,m2740
3135,m958
3136,m3488
3137,m3796
3138,m1575
3139,m1349
3140,m1822
3141,m626
3142,m2534
3143,m2931
3144,m106
3145,m864
3146,m1574
3147,m1743
3148,m2839
3149,m129
3150,m807
3151,m2415
3152,m2215
3153,m2768
3154,m2503
3155,m3419
3156,m2342
3157,m2773
3158,m3640
3159,m2164
3160,m3883
3161,m1121
3162,m3867
3163,m2964
3164,m1531
3165,m3642
3166,m1502
3167,m962
3168,m2830
3169,m925
3170,m769
3171,m3581
3172,m3570
3173,m3410
3174,m3374
3175,m137
3176,m1715
3177,m754
3178,m566
3179,m3573
3180,m2246
3181,m53
3182,m2008
3183,m2281
3184,m3850
3185,m1325
3186,m1168
3187,m1324
3188,m1520
3189,m1850
3190,m3282
3191,m1038
3192,m2632
3193,m1058
3194,m860
3195,m3933
3196,m2326
3197,m1817
3198,m1335
3199,m3215
3200,m863
3201,m939
3202,m811
3203,m2994
3204,m598
3205,m2562
3206,m2219
3207,m2569
3208,m3878
3209,m1853
3210,m2658
3211,m114
3212,m2545
3213,m755
3214,m2156
3215,m3012
3216,m1675
3217,m2962
3218,m1749
3219,m1002
3220,m385
3221,m2675
3222,m411
3223,m2221
3224,m245
3225,m2209
3226,m1780
3227,m1899
3228,m2452
3229,m3335
3230,m119
3231,m3803
3232,m2636
3233,m1872
3234,m3140
3235,m1539
3236,m1567
3237,m2984
3238,m1793
3239,m2933
3240,m3486
3241,m3905
3242,m2892
3243,m2129
3244,m3116
3245,m1864
3246,m775
3247,m854
3248,m200
3249,m560
3250,m1026
3251,m1181
3252,m406
3253,m397
3254,m1170
3255,m2298
3256,m228
3257,m993
3258,m1420
3259,m1313
3260,m3154
3261,m37
3262,m2191
3263,m212
3264,m1138
3265,m2673
3266,m1444
3267,m3892
3268,m726
3269,m1990
3270,m793
3271,m3940
3272,m1436
3273,m3003
3274,m652
3275,m2783
3276,m2831
3277,m136
3278,m2332
3279,m2854
3280,m3058
3281,m2304
3282,m3563
3283,m3523
3284,m3636
3285,m2061
3286,m844
3287,m874
3288,m3437
3289,m3245
3290,m3648
3291,m2914
3292,m2695
3293,m2760
3294,m664
3295,m966
3296,m3777
3297,m614
3298,m2207
3299,m3292
3300,m3533
3301,m75
3302,m2192
3303,m2911
3304,m1543
3305,m1384
3306,m2855
3307,m3056
3308,m1534
3309,m1878
3310,m3657
3311,m3641
3312,m1989
3313,m1486
3314,m59
3315,m90
3316,m2754
3317,m3149
3318,m2930
3319,m2833
3320,m2464
3321,m3303
3322,m1664
3323,m1685
3324,m2317
3325,m243
3326,m2814
3327,m1782
3328,m2200
3329,m2063
3330,m3232
3331,m3592
3332,m1741
3333,m2444
3334,m1519
3335,m108
3336,m630
3337,m1659
3338,m1903
3339,m526
3340,m1901
3341,m1369
3342,m2765
3343,m2850
3344,m1174
3345,m972
3346,m2705
3347,m3443
3348,m3866
3349,m3944
3350,m244
3351,m1514
3352,m618
3353,m56
3354,m3574
3355,m2538
3356,m1164
3357,m167
3358,m3463
3359,m1849
3360,m1718
3361,m1471
3362,m3293
3363,m1890
3364,m3778
3365,m1071
3366,m2557
3367,m3818
3368,m2602
3369,m1383
3370,m1891
3371,m2487
3372,m1522
3373,m732
3374,m2999
3375,m2486
3376,m3207
3377,m1871
3378,m703
3379,m264
3380,m2358
3381,m310
3382,m1532
3383,m3609
3384,m1040
3385,m559
3386,m1930
3387,m2234
3388,m404
3389,m3652
3390,m757
3391,m2242
3392,m787
3393,m3184
3394,m2299
3395,m985
3396,m980
3397,m682
3398,m1149
3399,m3346
3400,m3875
3401,m2127
3402,m2578
3403,m2608
3404,m1652
3405,m823
3406,m2679
3407,m1561
3408,m847
3409,m2244
3410,m820
3411,m3314
3412,m1160
3413,m2172
3414,m696
3415,m67
3416,m3378
3417,m1098
3418,m3891
3419,m815
3420,m1796
3421,m3522
3422,m1636
3423,m33
3424,m3887
3425,m756
3426,m1622
3427,m2934
3428,m98
3429,m3288
3430,m776
3431,m853
3432,m3126
3433,m3026
3434,m2685
3435,m3595
3436,m2960
3437,m3322
3438,m3242
3439,m1553
3440,m2623
3441,m1886
3442,m2510
3443,m749
3444,m698
3445,m2825
3446,m981
3447,m1039
3448,m729
3449,m2777
3450,m1538
3451,m3001
3452,m1861
3453,m3233
3454,m3666
3455,m1877
3456,m796
3457,m3216
3458,m2631
3459,m3575
3460,m2823
3461,m3603
3462,m2223
3463,m666
3464,m1720
3465,m578
3466,m623
3467,m1433
3468,m3380
3469,m3205
3470,m2309
3471,m687
3472,m3482
3473,m3517
3474,m3888
3475,m1795
3476,m3136
3477,m557
3478,m2480
3479,m2887
3480,m439
3481,m734
3482,m3187
3483,m3027
3484,m130
3485,m1842
3486,m1434
3487,m3631
3488,m3305
3489,m2955
3490,m2233
3491,m2821
3492,m834
3493,m3353
3494,m3057
3495,m2811
3496,m3876
3497,m1102
3498,m134
3499,m2869
3500,m3373
3501,m120
3502,m3352
3503,m2198
3504,m3601
3505,m1139
3506,m1851
3507,m3413
3508,m3472
3509,m2543
3510,m530
3511,m679
3512,m3381
3513,m3236
3514,m712
3515,m3377
3516,m3337
3517,m1787
3518,m1311
3519,m3131
3520,m1364
3521,m3295
3522,m791
3523,m2251
3524,m3800
3525,m3166
3526,m1360
3527,m3084
3528,m1315
3529,m2258
3530,m3748
3531,m657
3532,m1555
3533,m1134
3534,m192
3535,m1070
3536,m643
3537,m789
3538,m2895
3539,m3336
3540,m582
3541,m884
3542,m2576
3543,m744
3544,m827
3545,m401
3546,m3542
3547,m1107
3548,m572
3549,m1510
3550,m1062
3551,m3172
3552,m3382
3553,m634
3554,m989
3555,m3607
3556,m1773
3557,m3899
3558,m889
3559,m3294
3560,m887
3561,m3656
3562,m3119
3563,m3407
3564,m3280
3565,m3881
3566,m1145
3567,m3085
3568,m706
3569,m3212
3570,m1830
3571,m3828
3572,m1548
3573,m138
3574,m3621
3575,m3772
3576,m1868
3577,m3647
3578,m2909
3579,m977
3580,m3687
3581,m1528
3582,m3065
3583,m2343
3584,m3277
3585,m396
3586,m3229
3587,m717
3588,m3530
3589,m591
3590,m398
3591,m2591
3592,m584
3593,m607
3594,m758
3595,m821
3596,m624
3597,m2438
3598,m774
3599,m139
3600,m1832
3601,m1470
3602,m701
3603,m1316
3604,m3164
3605,m878
3606,m3762
3607,m1133
3608,m672
3609,m1915
3610,m792
3611,m690
3612,m311
3613,m2214
3614,m790
3615,m2556
3616,m3290
3617,m576
3618,m2703
3619,m763
3620,m1905
3621,m286
3622,m2563
3623,m3842
3624,m1908
3625,m658
3626,m1724
3627,m660
3628,m601
3629,m1579
3630,m3779
3631,m975
3632,m402
3633,m3890
3634,m3323
3635,m2592
3636,m3485
3637,m1558
3638,m1764
3639,m814
3640,m872
3641,m2619
3642,m868
3643,m1843
3644,m2226
3645,m2584
3646,m3458
3647,m3123
3648,m3722
3649,m1820
3650,m3228
3651,m1709
3652,m3220
3653,m545
3654,m3315
3655,m2218
3656,m865
3657,m2254
3658,m2484
3659,m226
3660,m859
3661,m2277
3662,m651
3663,m644
3664,m642
3665,m1630
3666,m1142
3667,m895
3668,m3321
3669,m1118
3670,m1815
3671,m3151
3672,m3651
3673,m3297
3674,m2308
3675,m3291
3676,m2742
3677,m579
3678,m2235
3679,m3493
3680,m1852
3681,m1714
3682,m826
3683,m655
3684,m133
3685,m3460
3686,m641
3687,m2213
3688,m127
3689,m2039
3690,m3202
3691,m3237
3692,m1165
3693,m3209
3694,m684
3695,m3904
3696,m2845
3697,m1430
3698,m3376
3699,m1115
3700,m843
3701,m3312
3702,m1386
3703,m730
3704,m142
3705,m2217
